--
-- PostgreSQL database dump
--

-- Dumped from database version 14.9 (Homebrew)
-- Dumped by pg_dump version 14.9 (Homebrew)

SET statement_timeout = 0;
SET lock_timeout = 0;
SET idle_in_transaction_session_timeout = 0;
SET client_encoding = 'UTF8';
SET standard_conforming_strings = on;
SELECT pg_catalog.set_config('search_path', '', false);
SET check_function_bodies = false;
SET xmloption = content;
SET client_min_messages = warning;
SET row_security = off;

SET default_tablespace = '';

SET default_table_access_method = heap;

--
-- Name: auth_group; Type: TABLE; Schema: public; Owner: gokepelemo
--

CREATE TABLE public.auth_group (
    id integer NOT NULL,
    name character varying(150) NOT NULL
);


ALTER TABLE public.auth_group OWNER TO gokepelemo;

--
-- Name: auth_group_id_seq; Type: SEQUENCE; Schema: public; Owner: gokepelemo
--

ALTER TABLE public.auth_group ALTER COLUMN id ADD GENERATED BY DEFAULT AS IDENTITY (
    SEQUENCE NAME public.auth_group_id_seq
    START WITH 1
    INCREMENT BY 1
    NO MINVALUE
    NO MAXVALUE
    CACHE 1
);


--
-- Name: auth_group_permissions; Type: TABLE; Schema: public; Owner: gokepelemo
--

CREATE TABLE public.auth_group_permissions (
    id bigint NOT NULL,
    group_id integer NOT NULL,
    permission_id integer NOT NULL
);


ALTER TABLE public.auth_group_permissions OWNER TO gokepelemo;

--
-- Name: auth_group_permissions_id_seq; Type: SEQUENCE; Schema: public; Owner: gokepelemo
--

ALTER TABLE public.auth_group_permissions ALTER COLUMN id ADD GENERATED BY DEFAULT AS IDENTITY (
    SEQUENCE NAME public.auth_group_permissions_id_seq
    START WITH 1
    INCREMENT BY 1
    NO MINVALUE
    NO MAXVALUE
    CACHE 1
);


--
-- Name: auth_permission; Type: TABLE; Schema: public; Owner: gokepelemo
--

CREATE TABLE public.auth_permission (
    id integer NOT NULL,
    name character varying(255) NOT NULL,
    content_type_id integer NOT NULL,
    codename character varying(100) NOT NULL
);


ALTER TABLE public.auth_permission OWNER TO gokepelemo;

--
-- Name: auth_permission_id_seq; Type: SEQUENCE; Schema: public; Owner: gokepelemo
--

ALTER TABLE public.auth_permission ALTER COLUMN id ADD GENERATED BY DEFAULT AS IDENTITY (
    SEQUENCE NAME public.auth_permission_id_seq
    START WITH 1
    INCREMENT BY 1
    NO MINVALUE
    NO MAXVALUE
    CACHE 1
);


--
-- Name: auth_user; Type: TABLE; Schema: public; Owner: gokepelemo
--

CREATE TABLE public.auth_user (
    id integer NOT NULL,
    password character varying(128) NOT NULL,
    last_login timestamp with time zone,
    is_superuser boolean NOT NULL,
    username character varying(150) NOT NULL,
    first_name character varying(150) NOT NULL,
    last_name character varying(150) NOT NULL,
    email character varying(254) NOT NULL,
    is_staff boolean NOT NULL,
    is_active boolean NOT NULL,
    date_joined timestamp with time zone NOT NULL
);


ALTER TABLE public.auth_user OWNER TO gokepelemo;

--
-- Name: auth_user_groups; Type: TABLE; Schema: public; Owner: gokepelemo
--

CREATE TABLE public.auth_user_groups (
    id bigint NOT NULL,
    user_id integer NOT NULL,
    group_id integer NOT NULL
);


ALTER TABLE public.auth_user_groups OWNER TO gokepelemo;

--
-- Name: auth_user_groups_id_seq; Type: SEQUENCE; Schema: public; Owner: gokepelemo
--

ALTER TABLE public.auth_user_groups ALTER COLUMN id ADD GENERATED BY DEFAULT AS IDENTITY (
    SEQUENCE NAME public.auth_user_groups_id_seq
    START WITH 1
    INCREMENT BY 1
    NO MINVALUE
    NO MAXVALUE
    CACHE 1
);


--
-- Name: auth_user_id_seq; Type: SEQUENCE; Schema: public; Owner: gokepelemo
--

ALTER TABLE public.auth_user ALTER COLUMN id ADD GENERATED BY DEFAULT AS IDENTITY (
    SEQUENCE NAME public.auth_user_id_seq
    START WITH 1
    INCREMENT BY 1
    NO MINVALUE
    NO MAXVALUE
    CACHE 1
);


--
-- Name: auth_user_user_permissions; Type: TABLE; Schema: public; Owner: gokepelemo
--

CREATE TABLE public.auth_user_user_permissions (
    id bigint NOT NULL,
    user_id integer NOT NULL,
    permission_id integer NOT NULL
);


ALTER TABLE public.auth_user_user_permissions OWNER TO gokepelemo;

--
-- Name: auth_user_user_permissions_id_seq; Type: SEQUENCE; Schema: public; Owner: gokepelemo
--

ALTER TABLE public.auth_user_user_permissions ALTER COLUMN id ADD GENERATED BY DEFAULT AS IDENTITY (
    SEQUENCE NAME public.auth_user_user_permissions_id_seq
    START WITH 1
    INCREMENT BY 1
    NO MINVALUE
    NO MAXVALUE
    CACHE 1
);


--
-- Name: django_admin_log; Type: TABLE; Schema: public; Owner: gokepelemo
--

CREATE TABLE public.django_admin_log (
    id integer NOT NULL,
    action_time timestamp with time zone NOT NULL,
    object_id text,
    object_repr character varying(200) NOT NULL,
    action_flag smallint NOT NULL,
    change_message text NOT NULL,
    content_type_id integer,
    user_id integer NOT NULL,
    CONSTRAINT django_admin_log_action_flag_check CHECK ((action_flag >= 0))
);


ALTER TABLE public.django_admin_log OWNER TO gokepelemo;

--
-- Name: django_admin_log_id_seq; Type: SEQUENCE; Schema: public; Owner: gokepelemo
--

ALTER TABLE public.django_admin_log ALTER COLUMN id ADD GENERATED BY DEFAULT AS IDENTITY (
    SEQUENCE NAME public.django_admin_log_id_seq
    START WITH 1
    INCREMENT BY 1
    NO MINVALUE
    NO MAXVALUE
    CACHE 1
);


--
-- Name: django_content_type; Type: TABLE; Schema: public; Owner: gokepelemo
--

CREATE TABLE public.django_content_type (
    id integer NOT NULL,
    app_label character varying(100) NOT NULL,
    model character varying(100) NOT NULL
);


ALTER TABLE public.django_content_type OWNER TO gokepelemo;

--
-- Name: django_content_type_id_seq; Type: SEQUENCE; Schema: public; Owner: gokepelemo
--

ALTER TABLE public.django_content_type ALTER COLUMN id ADD GENERATED BY DEFAULT AS IDENTITY (
    SEQUENCE NAME public.django_content_type_id_seq
    START WITH 1
    INCREMENT BY 1
    NO MINVALUE
    NO MAXVALUE
    CACHE 1
);


--
-- Name: django_migrations; Type: TABLE; Schema: public; Owner: gokepelemo
--

CREATE TABLE public.django_migrations (
    id bigint NOT NULL,
    app character varying(255) NOT NULL,
    name character varying(255) NOT NULL,
    applied timestamp with time zone NOT NULL
);


ALTER TABLE public.django_migrations OWNER TO gokepelemo;

--
-- Name: django_migrations_id_seq; Type: SEQUENCE; Schema: public; Owner: gokepelemo
--

ALTER TABLE public.django_migrations ALTER COLUMN id ADD GENERATED BY DEFAULT AS IDENTITY (
    SEQUENCE NAME public.django_migrations_id_seq
    START WITH 1
    INCREMENT BY 1
    NO MINVALUE
    NO MAXVALUE
    CACHE 1
);


--
-- Name: django_session; Type: TABLE; Schema: public; Owner: gokepelemo
--

CREATE TABLE public.django_session (
    session_key character varying(40) NOT NULL,
    session_data text NOT NULL,
    expire_date timestamp with time zone NOT NULL
);


ALTER TABLE public.django_session OWNER TO gokepelemo;

--
-- Name: main_app_movie; Type: TABLE; Schema: public; Owner: gokepelemo
--

CREATE TABLE public.main_app_movie (
    id bigint NOT NULL,
    title character varying(100) NOT NULL,
    release_date character varying(100) NOT NULL,
    review_score integer NOT NULL,
    description text NOT NULL
);


ALTER TABLE public.main_app_movie OWNER TO gokepelemo;

--
-- Name: main_app_movie_id_seq; Type: SEQUENCE; Schema: public; Owner: gokepelemo
--

ALTER TABLE public.main_app_movie ALTER COLUMN id ADD GENERATED BY DEFAULT AS IDENTITY (
    SEQUENCE NAME public.main_app_movie_id_seq
    START WITH 1
    INCREMENT BY 1
    NO MINVALUE
    NO MAXVALUE
    CACHE 1
);


--
-- Name: main_app_profile; Type: TABLE; Schema: public; Owner: gokepelemo
--

CREATE TABLE public.main_app_profile (
    id bigint NOT NULL,
    user_id integer NOT NULL
);


ALTER TABLE public.main_app_profile OWNER TO gokepelemo;

--
-- Name: main_app_profile_fav_movies; Type: TABLE; Schema: public; Owner: gokepelemo
--

CREATE TABLE public.main_app_profile_fav_movies (
    id bigint NOT NULL,
    profile_id bigint NOT NULL,
    movie_id bigint NOT NULL
);


ALTER TABLE public.main_app_profile_fav_movies OWNER TO gokepelemo;

--
-- Name: main_app_profile_fav_movies_id_seq; Type: SEQUENCE; Schema: public; Owner: gokepelemo
--

ALTER TABLE public.main_app_profile_fav_movies ALTER COLUMN id ADD GENERATED BY DEFAULT AS IDENTITY (
    SEQUENCE NAME public.main_app_profile_fav_movies_id_seq
    START WITH 1
    INCREMENT BY 1
    NO MINVALUE
    NO MAXVALUE
    CACHE 1
);


--
-- Name: main_app_profile_id_seq; Type: SEQUENCE; Schema: public; Owner: gokepelemo
--

ALTER TABLE public.main_app_profile ALTER COLUMN id ADD GENERATED BY DEFAULT AS IDENTITY (
    SEQUENCE NAME public.main_app_profile_id_seq
    START WITH 1
    INCREMENT BY 1
    NO MINVALUE
    NO MAXVALUE
    CACHE 1
);


--
-- Name: main_app_shot; Type: TABLE; Schema: public; Owner: gokepelemo
--

CREATE TABLE public.main_app_shot (
    id bigint NOT NULL,
    url character varying(200) NOT NULL,
    take_id bigint NOT NULL
);


ALTER TABLE public.main_app_shot OWNER TO gokepelemo;

--
-- Name: main_app_shot_id_seq; Type: SEQUENCE; Schema: public; Owner: gokepelemo
--

ALTER TABLE public.main_app_shot ALTER COLUMN id ADD GENERATED BY DEFAULT AS IDENTITY (
    SEQUENCE NAME public.main_app_shot_id_seq
    START WITH 1
    INCREMENT BY 1
    NO MINVALUE
    NO MAXVALUE
    CACHE 1
);


--
-- Name: main_app_take; Type: TABLE; Schema: public; Owner: gokepelemo
--

CREATE TABLE public.main_app_take (
    id bigint NOT NULL,
    title character varying(250) NOT NULL,
    themes character varying(250) NOT NULL,
    rating integer NOT NULL,
    description text NOT NULL,
    movie_id bigint NOT NULL,
    user_id integer NOT NULL
);


ALTER TABLE public.main_app_take OWNER TO gokepelemo;

--
-- Name: main_app_take_id_seq; Type: SEQUENCE; Schema: public; Owner: gokepelemo
--

ALTER TABLE public.main_app_take ALTER COLUMN id ADD GENERATED BY DEFAULT AS IDENTITY (
    SEQUENCE NAME public.main_app_take_id_seq
    START WITH 1
    INCREMENT BY 1
    NO MINVALUE
    NO MAXVALUE
    CACHE 1
);


--
-- Data for Name: auth_group; Type: TABLE DATA; Schema: public; Owner: gokepelemo
--

COPY public.auth_group (id, name) FROM stdin;
\.


--
-- Data for Name: auth_group_permissions; Type: TABLE DATA; Schema: public; Owner: gokepelemo
--

COPY public.auth_group_permissions (id, group_id, permission_id) FROM stdin;
\.


--
-- Data for Name: auth_permission; Type: TABLE DATA; Schema: public; Owner: gokepelemo
--

COPY public.auth_permission (id, name, content_type_id, codename) FROM stdin;
1	Can add log entry	1	add_logentry
2	Can change log entry	1	change_logentry
3	Can delete log entry	1	delete_logentry
4	Can view log entry	1	view_logentry
5	Can add permission	2	add_permission
6	Can change permission	2	change_permission
7	Can delete permission	2	delete_permission
8	Can view permission	2	view_permission
9	Can add group	3	add_group
10	Can change group	3	change_group
11	Can delete group	3	delete_group
12	Can view group	3	view_group
13	Can add user	4	add_user
14	Can change user	4	change_user
15	Can delete user	4	delete_user
16	Can view user	4	view_user
17	Can add content type	5	add_contenttype
18	Can change content type	5	change_contenttype
19	Can delete content type	5	delete_contenttype
20	Can view content type	5	view_contenttype
21	Can add session	6	add_session
22	Can change session	6	change_session
23	Can delete session	6	delete_session
24	Can view session	6	view_session
25	Can add movie	7	add_movie
26	Can change movie	7	change_movie
27	Can delete movie	7	delete_movie
28	Can view movie	7	view_movie
29	Can add take	8	add_take
30	Can change take	8	change_take
31	Can delete take	8	delete_take
32	Can view take	8	view_take
33	Can add shot	9	add_shot
34	Can change shot	9	change_shot
35	Can delete shot	9	delete_shot
36	Can view shot	9	view_shot
37	Can add profile	10	add_profile
38	Can change profile	10	change_profile
39	Can delete profile	10	delete_profile
40	Can view profile	10	view_profile
\.


--
-- Data for Name: auth_user; Type: TABLE DATA; Schema: public; Owner: gokepelemo
--

COPY public.auth_user (id, password, last_login, is_superuser, username, first_name, last_name, email, is_staff, is_active, date_joined) FROM stdin;
1	pbkdf2_sha256$600000$ut9iiBNFIsuk74G0pcODMN$0wF8EvBDIp8a0F4SF7W183iXhQ4qw/ygTrxqHYdRzWk=	2023-10-05 08:35:19-05	t	davidcarey	David		carey2155@gmail.com	t	t	2023-10-05 08:34:02-05
3	pbkdf2_sha256$600000$o9B3FhuaRqhPMaGyf5DzmC$PeJDNNg12/0S1vEm26ghba3M2oRHAGHNK/VsSFyW3WE=	\N	f	sweeney				f	t	2023-10-08 14:37:05.21663-05
2	pbkdf2_sha256$600000$QHVvG3azdgtf16vDj9dGEh$Te39kWUzcIwaHf33/H1wpxS8r8gwiw862h1wmcnd5Js=	2023-10-09 07:56:44.630151-05	t	gokepelemo	Goke		goke.pelemo@gmail.com	t	t	2023-10-05 15:00:03-05
\.


--
-- Data for Name: auth_user_groups; Type: TABLE DATA; Schema: public; Owner: gokepelemo
--

COPY public.auth_user_groups (id, user_id, group_id) FROM stdin;
\.


--
-- Data for Name: auth_user_user_permissions; Type: TABLE DATA; Schema: public; Owner: gokepelemo
--

COPY public.auth_user_user_permissions (id, user_id, permission_id) FROM stdin;
\.


--
-- Data for Name: django_admin_log; Type: TABLE DATA; Schema: public; Owner: gokepelemo
--

COPY public.django_admin_log (id, action_time, object_id, object_repr, action_flag, change_message, content_type_id, user_id) FROM stdin;
1	2023-10-05 09:14:05.642012-05	1	Movie object (1)	1	[{"added": {}}]	7	1
2	2023-10-05 09:14:23.790277-05	2	Movie object (2)	1	[{"added": {}}]	7	1
3	2023-10-06 09:27:08.739483-05	2	gokepelemo	2	[{"changed": {"fields": ["First name"]}}]	4	2
4	2023-10-06 09:36:06.387922-05	1	davidcarey	2	[{"changed": {"fields": ["First name"]}}]	4	2
5	2023-10-06 14:10:40.295272-05	1	gokepelemo	2	[{"changed": {"fields": ["Fav movies"]}}]	10	2
6	2023-10-06 14:11:01.571295-05	1	gokepelemo	2	[{"changed": {"fields": ["Fav movies"]}}]	10	2
7	2023-10-06 14:12:34.98612-05	1	gokepelemo	3		10	2
8	2023-10-06 14:13:51.437198-05	2	gokepelemo	3		10	2
9	2023-10-06 14:17:45.177948-05	3	gokepelemo	3		10	2
10	2023-10-06 14:18:44.470466-05	4	gokepelemo	3		10	2
11	2023-10-06 14:20:06.611989-05	5	gokepelemo	3		10	2
12	2023-10-08 14:24:00.46295-05	6	gokepelemo	2	[{"changed": {"fields": ["Fav movies"]}}]	10	2
13	2023-10-08 14:24:24.486379-05	6	gokepelemo	2	[{"changed": {"fields": ["Fav movies"]}}]	10	2
14	2023-10-08 14:26:30.803639-05	7	davidcarey	1	[{"added": {}}]	10	2
15	2023-10-08 14:35:24.609409-05	7	davidcarey	2	[{"changed": {"fields": ["Fav movies"]}}]	10	2
16	2023-10-08 14:35:27.57965-05	7	davidcarey	2	[]	10	2
17	2023-10-08 14:35:30.510273-05	6	gokepelemo	2	[{"changed": {"fields": ["Fav movies"]}}]	10	2
18	2023-10-08 14:36:11.507356-05	7	davidcarey	2	[{"changed": {"fields": ["Fav movies"]}}]	10	2
19	2023-10-08 14:37:05.508003-05	3	sweeney	1	[{"added": {}}]	4	2
20	2023-10-08 14:37:09.388155-05	8	sweeney	1	[{"added": {}}]	10	2
21	2023-10-08 14:40:37.220749-05	8	sweeney	3		10	2
22	2023-10-08 14:41:44.785882-05	7	davidcarey	2	[{"changed": {"fields": ["Fav movies"]}}]	10	2
23	2023-10-08 14:41:47.661948-05	6	gokepelemo	2	[{"changed": {"fields": ["Fav movies"]}}]	10	2
24	2023-10-08 14:42:41.561241-05	7	davidcarey	2	[{"changed": {"fields": ["Fav movies"]}}]	10	2
25	2023-10-08 14:55:14.46651-05	7	davidcarey	2	[{"changed": {"fields": ["Fav movies"]}}]	10	2
26	2023-10-08 15:03:11.736177-05	1	Indiana Jones	2	[{"changed": {"fields": ["Description"]}}]	7	2
27	2023-10-08 15:44:17.627497-05	9	sweeney	1	[{"added": {}}]	10	2
28	2023-10-08 15:45:40.308002-05	9	sweeney	3		10	2
29	2023-10-08 18:58:47.533311-05	3	Die Hard	1	[{"added": {}}]	7	2
30	2023-10-09 12:56:29.350726-05	7	davidcarey	2	[{"changed": {"fields": ["Fav movies"]}}]	10	2
\.


--
-- Data for Name: django_content_type; Type: TABLE DATA; Schema: public; Owner: gokepelemo
--

COPY public.django_content_type (id, app_label, model) FROM stdin;
1	admin	logentry
2	auth	permission
3	auth	group
4	auth	user
5	contenttypes	contenttype
6	sessions	session
7	main_app	movie
8	main_app	take
9	main_app	shot
10	main_app	profile
\.


--
-- Data for Name: django_migrations; Type: TABLE DATA; Schema: public; Owner: gokepelemo
--

COPY public.django_migrations (id, app, name, applied) FROM stdin;
1	contenttypes	0001_initial	2023-10-05 08:32:25.298934-05
2	auth	0001_initial	2023-10-05 08:32:25.333278-05
3	admin	0001_initial	2023-10-05 08:32:25.339683-05
4	admin	0002_logentry_remove_auto_add	2023-10-05 08:32:25.34282-05
5	admin	0003_logentry_add_action_flag_choices	2023-10-05 08:32:25.346037-05
6	contenttypes	0002_remove_content_type_name	2023-10-05 08:32:25.353403-05
7	auth	0002_alter_permission_name_max_length	2023-10-05 08:32:25.357354-05
8	auth	0003_alter_user_email_max_length	2023-10-05 08:32:25.360726-05
9	auth	0004_alter_user_username_opts	2023-10-05 08:32:25.364784-05
10	auth	0005_alter_user_last_login_null	2023-10-05 08:32:25.368247-05
11	auth	0006_require_contenttypes_0002	2023-10-05 08:32:25.369344-05
12	auth	0007_alter_validators_add_error_messages	2023-10-05 08:32:25.373555-05
13	auth	0008_alter_user_username_max_length	2023-10-05 08:32:25.380044-05
14	auth	0009_alter_user_last_name_max_length	2023-10-05 08:32:25.383807-05
15	auth	0010_alter_group_name_max_length	2023-10-05 08:32:25.38901-05
16	auth	0011_update_proxy_permissions	2023-10-05 08:32:25.39323-05
17	auth	0012_alter_user_first_name_max_length	2023-10-05 08:32:25.397078-05
18	sessions	0001_initial	2023-10-05 08:32:25.403608-05
19	main_app	0001_initial	2023-10-05 09:11:22.833327-05
20	main_app	0002_take	2023-10-05 09:37:20.75235-05
21	main_app	0003_take_movie	2023-10-05 09:38:48.269488-05
22	main_app	0004_take_user	2023-10-05 10:37:55.931418-05
23	main_app	0005_shot	2023-10-06 12:08:43.397717-05
24	main_app	0006_take_shots	2023-10-06 12:08:43.411345-05
25	main_app	0007_remove_take_shots	2023-10-06 12:08:43.419761-05
26	main_app	0008_profile	2023-10-06 13:46:01.966357-05
\.


--
-- Data for Name: django_session; Type: TABLE DATA; Schema: public; Owner: gokepelemo
--

COPY public.django_session (session_key, session_data, expire_date) FROM stdin;
fg57cwprcwbd44hf5wztrs6gao4cfp9g	.eJxVjMsOwiAQRf-FtSGdUh7j0r3fQGCGStVAUtqV8d-VpAvdnnPufQkf9i37vaXVLyzOAsTpl8VAj1S64Hsotyqplm1douyJPGyT18rpeTnav4McWv6uLaA2pCPAAAotjYnJTXMMrNxMDjFqtowjGCJDg56SwoTUCStgEO8P26834A:1qoOVb:IRUoylaRO0C1i5avoS-oh2lAxoI48GblgTdI5AA9Ejo	2023-10-19 08:35:19.362529-05
et1fsqrfmpazma4djp0cmles288i5f9i	.eJxVjM0OwiAQhN-FsyHyXzx69xnIwi5SNZCU9mR8d2nSg54mM9_MvFmAbS1h67SEGdmFSXb6zSKkJ9Ud4APqvfHU6rrMke8VftDObw3pdT26fwcFehnrmJUjZc5eqpStz6iy89qBMJKIrAaj3DRF0iYNzYIMJDQWIUsphmWfL-lsOE0:1qppca:0dzbuBiOJfgHXqExfSx5W7Cq86rkiHxXfQ3aQDdl4fU	2023-10-23 07:44:28.505974-05
ghpsgbt17imo1cl18v6nd9ypihrwnmrs	.eJxVjM0OwiAQhN-FsyHyXzx69xnIwi5SNZCU9mR8d2nSg54mM9_MvFmAbS1h67SEGdmFSXb6zSKkJ9Ud4APqvfHU6rrMke8VftDObw3pdT26fwcFehnrmJUjZc5eqpStz6iy89qBMJKIrAaj3DRF0iYNzYIMJDQWIUsphmWfL-lsOE0:1qppoS:1wNo4cPQ7QZYeQqqwn-nksmTkbRyFHq_cpSn11nLCSY	2023-10-23 07:56:44.631498-05
\.


--
-- Data for Name: main_app_movie; Type: TABLE DATA; Schema: public; Owner: gokepelemo
--

COPY public.main_app_movie (id, title, release_date, review_score, description) FROM stdin;
2	Star Wars	1997	4	Space battling
1	Indiana Jones	1993	3	Indiana Jones is an American media franchise consisting of five films and a prequel television series, along with games, comics, and tie-in novels, that depicts the adventures of Dr. Henry Walton "Indiana" Jones, Jr. (portrayed in all films by Harrison Ford), a fictional professor of archaeology.
3	Die Hard	1988	6	Die Hard is a 1988 American action film directed by John McTiernan and written by Jeb Stuart and Steven E. de Souza, based on the 1979 novel Nothing Lasts Forever by Roderick Thorp. It stars Bruce Willis, Alan Rickman, Alexander Godunov, and Bonnie Bedelia, with Reginald VelJohnson, William Atherton, Paul Gleason, and Hart Bochner in supporting roles. Die Hard follows New York City police detective John McClane (Willis) who is caught up in a terrorist takeover of a Los Angeles skyscraper while visiting his estranged wife.
\.


--
-- Data for Name: main_app_profile; Type: TABLE DATA; Schema: public; Owner: gokepelemo
--

COPY public.main_app_profile (id, user_id) FROM stdin;
7	1
6	2
\.


--
-- Data for Name: main_app_profile_fav_movies; Type: TABLE DATA; Schema: public; Owner: gokepelemo
--

COPY public.main_app_profile_fav_movies (id, profile_id, movie_id) FROM stdin;
70	7	1
71	7	3
38	7	2
\.


--
-- Data for Name: main_app_shot; Type: TABLE DATA; Schema: public; Owner: gokepelemo
--

COPY public.main_app_shot (id, url, take_id) FROM stdin;
\.


--
-- Data for Name: main_app_take; Type: TABLE DATA; Schema: public; Owner: gokepelemo
--

COPY public.main_app_take (id, title, themes, rating, description, movie_id, user_id) FROM stdin;
1	Great movie	Action	8	Fantastic movie, truly great	1	1
2	Great movie	Action	8	Fantastic movie, truly great	1	1
25	New Take	Action, Fantasy	4	New take to see this on my profile	2	2
\.


--
-- Name: auth_group_id_seq; Type: SEQUENCE SET; Schema: public; Owner: gokepelemo
--

SELECT pg_catalog.setval('public.auth_group_id_seq', 1, false);


--
-- Name: auth_group_permissions_id_seq; Type: SEQUENCE SET; Schema: public; Owner: gokepelemo
--

SELECT pg_catalog.setval('public.auth_group_permissions_id_seq', 1, false);


--
-- Name: auth_permission_id_seq; Type: SEQUENCE SET; Schema: public; Owner: gokepelemo
--

SELECT pg_catalog.setval('public.auth_permission_id_seq', 40, true);


--
-- Name: auth_user_groups_id_seq; Type: SEQUENCE SET; Schema: public; Owner: gokepelemo
--

SELECT pg_catalog.setval('public.auth_user_groups_id_seq', 1, false);


--
-- Name: auth_user_id_seq; Type: SEQUENCE SET; Schema: public; Owner: gokepelemo
--

SELECT pg_catalog.setval('public.auth_user_id_seq', 3, true);


--
-- Name: auth_user_user_permissions_id_seq; Type: SEQUENCE SET; Schema: public; Owner: gokepelemo
--

SELECT pg_catalog.setval('public.auth_user_user_permissions_id_seq', 1, false);


--
-- Name: django_admin_log_id_seq; Type: SEQUENCE SET; Schema: public; Owner: gokepelemo
--

SELECT pg_catalog.setval('public.django_admin_log_id_seq', 30, true);


--
-- Name: django_content_type_id_seq; Type: SEQUENCE SET; Schema: public; Owner: gokepelemo
--

SELECT pg_catalog.setval('public.django_content_type_id_seq', 10, true);


--
-- Name: django_migrations_id_seq; Type: SEQUENCE SET; Schema: public; Owner: gokepelemo
--

SELECT pg_catalog.setval('public.django_migrations_id_seq', 26, true);


--
-- Name: main_app_movie_id_seq; Type: SEQUENCE SET; Schema: public; Owner: gokepelemo
--

SELECT pg_catalog.setval('public.main_app_movie_id_seq', 3, true);


--
-- Name: main_app_profile_fav_movies_id_seq; Type: SEQUENCE SET; Schema: public; Owner: gokepelemo
--

SELECT pg_catalog.setval('public.main_app_profile_fav_movies_id_seq', 72, true);


--
-- Name: main_app_profile_id_seq; Type: SEQUENCE SET; Schema: public; Owner: gokepelemo
--

SELECT pg_catalog.setval('public.main_app_profile_id_seq', 9, true);


--
-- Name: main_app_shot_id_seq; Type: SEQUENCE SET; Schema: public; Owner: gokepelemo
--

SELECT pg_catalog.setval('public.main_app_shot_id_seq', 17, true);


--
-- Name: main_app_take_id_seq; Type: SEQUENCE SET; Schema: public; Owner: gokepelemo
--

SELECT pg_catalog.setval('public.main_app_take_id_seq', 25, true);


--
-- Name: auth_group auth_group_name_key; Type: CONSTRAINT; Schema: public; Owner: gokepelemo
--

ALTER TABLE ONLY public.auth_group
    ADD CONSTRAINT auth_group_name_key UNIQUE (name);


--
-- Name: auth_group_permissions auth_group_permissions_group_id_permission_id_0cd325b0_uniq; Type: CONSTRAINT; Schema: public; Owner: gokepelemo
--

ALTER TABLE ONLY public.auth_group_permissions
    ADD CONSTRAINT auth_group_permissions_group_id_permission_id_0cd325b0_uniq UNIQUE (group_id, permission_id);


--
-- Name: auth_group_permissions auth_group_permissions_pkey; Type: CONSTRAINT; Schema: public; Owner: gokepelemo
--

ALTER TABLE ONLY public.auth_group_permissions
    ADD CONSTRAINT auth_group_permissions_pkey PRIMARY KEY (id);


--
-- Name: auth_group auth_group_pkey; Type: CONSTRAINT; Schema: public; Owner: gokepelemo
--

ALTER TABLE ONLY public.auth_group
    ADD CONSTRAINT auth_group_pkey PRIMARY KEY (id);


--
-- Name: auth_permission auth_permission_content_type_id_codename_01ab375a_uniq; Type: CONSTRAINT; Schema: public; Owner: gokepelemo
--

ALTER TABLE ONLY public.auth_permission
    ADD CONSTRAINT auth_permission_content_type_id_codename_01ab375a_uniq UNIQUE (content_type_id, codename);


--
-- Name: auth_permission auth_permission_pkey; Type: CONSTRAINT; Schema: public; Owner: gokepelemo
--

ALTER TABLE ONLY public.auth_permission
    ADD CONSTRAINT auth_permission_pkey PRIMARY KEY (id);


--
-- Name: auth_user_groups auth_user_groups_pkey; Type: CONSTRAINT; Schema: public; Owner: gokepelemo
--

ALTER TABLE ONLY public.auth_user_groups
    ADD CONSTRAINT auth_user_groups_pkey PRIMARY KEY (id);


--
-- Name: auth_user_groups auth_user_groups_user_id_group_id_94350c0c_uniq; Type: CONSTRAINT; Schema: public; Owner: gokepelemo
--

ALTER TABLE ONLY public.auth_user_groups
    ADD CONSTRAINT auth_user_groups_user_id_group_id_94350c0c_uniq UNIQUE (user_id, group_id);


--
-- Name: auth_user auth_user_pkey; Type: CONSTRAINT; Schema: public; Owner: gokepelemo
--

ALTER TABLE ONLY public.auth_user
    ADD CONSTRAINT auth_user_pkey PRIMARY KEY (id);


--
-- Name: auth_user_user_permissions auth_user_user_permissions_pkey; Type: CONSTRAINT; Schema: public; Owner: gokepelemo
--

ALTER TABLE ONLY public.auth_user_user_permissions
    ADD CONSTRAINT auth_user_user_permissions_pkey PRIMARY KEY (id);


--
-- Name: auth_user_user_permissions auth_user_user_permissions_user_id_permission_id_14a6b632_uniq; Type: CONSTRAINT; Schema: public; Owner: gokepelemo
--

ALTER TABLE ONLY public.auth_user_user_permissions
    ADD CONSTRAINT auth_user_user_permissions_user_id_permission_id_14a6b632_uniq UNIQUE (user_id, permission_id);


--
-- Name: auth_user auth_user_username_key; Type: CONSTRAINT; Schema: public; Owner: gokepelemo
--

ALTER TABLE ONLY public.auth_user
    ADD CONSTRAINT auth_user_username_key UNIQUE (username);


--
-- Name: django_admin_log django_admin_log_pkey; Type: CONSTRAINT; Schema: public; Owner: gokepelemo
--

ALTER TABLE ONLY public.django_admin_log
    ADD CONSTRAINT django_admin_log_pkey PRIMARY KEY (id);


--
-- Name: django_content_type django_content_type_app_label_model_76bd3d3b_uniq; Type: CONSTRAINT; Schema: public; Owner: gokepelemo
--

ALTER TABLE ONLY public.django_content_type
    ADD CONSTRAINT django_content_type_app_label_model_76bd3d3b_uniq UNIQUE (app_label, model);


--
-- Name: django_content_type django_content_type_pkey; Type: CONSTRAINT; Schema: public; Owner: gokepelemo
--

ALTER TABLE ONLY public.django_content_type
    ADD CONSTRAINT django_content_type_pkey PRIMARY KEY (id);


--
-- Name: django_migrations django_migrations_pkey; Type: CONSTRAINT; Schema: public; Owner: gokepelemo
--

ALTER TABLE ONLY public.django_migrations
    ADD CONSTRAINT django_migrations_pkey PRIMARY KEY (id);


--
-- Name: django_session django_session_pkey; Type: CONSTRAINT; Schema: public; Owner: gokepelemo
--

ALTER TABLE ONLY public.django_session
    ADD CONSTRAINT django_session_pkey PRIMARY KEY (session_key);


--
-- Name: main_app_movie main_app_movie_pkey; Type: CONSTRAINT; Schema: public; Owner: gokepelemo
--

ALTER TABLE ONLY public.main_app_movie
    ADD CONSTRAINT main_app_movie_pkey PRIMARY KEY (id);


--
-- Name: main_app_profile_fav_movies main_app_profile_fav_movies_pkey; Type: CONSTRAINT; Schema: public; Owner: gokepelemo
--

ALTER TABLE ONLY public.main_app_profile_fav_movies
    ADD CONSTRAINT main_app_profile_fav_movies_pkey PRIMARY KEY (id);


--
-- Name: main_app_profile_fav_movies main_app_profile_fav_movies_profile_id_movie_id_88a0bdbc_uniq; Type: CONSTRAINT; Schema: public; Owner: gokepelemo
--

ALTER TABLE ONLY public.main_app_profile_fav_movies
    ADD CONSTRAINT main_app_profile_fav_movies_profile_id_movie_id_88a0bdbc_uniq UNIQUE (profile_id, movie_id);


--
-- Name: main_app_profile main_app_profile_pkey; Type: CONSTRAINT; Schema: public; Owner: gokepelemo
--

ALTER TABLE ONLY public.main_app_profile
    ADD CONSTRAINT main_app_profile_pkey PRIMARY KEY (id);


--
-- Name: main_app_profile main_app_profile_user_id_key; Type: CONSTRAINT; Schema: public; Owner: gokepelemo
--

ALTER TABLE ONLY public.main_app_profile
    ADD CONSTRAINT main_app_profile_user_id_key UNIQUE (user_id);


--
-- Name: main_app_shot main_app_shot_pkey; Type: CONSTRAINT; Schema: public; Owner: gokepelemo
--

ALTER TABLE ONLY public.main_app_shot
    ADD CONSTRAINT main_app_shot_pkey PRIMARY KEY (id);


--
-- Name: main_app_take main_app_take_pkey; Type: CONSTRAINT; Schema: public; Owner: gokepelemo
--

ALTER TABLE ONLY public.main_app_take
    ADD CONSTRAINT main_app_take_pkey PRIMARY KEY (id);


--
-- Name: auth_group_name_a6ea08ec_like; Type: INDEX; Schema: public; Owner: gokepelemo
--

CREATE INDEX auth_group_name_a6ea08ec_like ON public.auth_group USING btree (name varchar_pattern_ops);


--
-- Name: auth_group_permissions_group_id_b120cbf9; Type: INDEX; Schema: public; Owner: gokepelemo
--

CREATE INDEX auth_group_permissions_group_id_b120cbf9 ON public.auth_group_permissions USING btree (group_id);


--
-- Name: auth_group_permissions_permission_id_84c5c92e; Type: INDEX; Schema: public; Owner: gokepelemo
--

CREATE INDEX auth_group_permissions_permission_id_84c5c92e ON public.auth_group_permissions USING btree (permission_id);


--
-- Name: auth_permission_content_type_id_2f476e4b; Type: INDEX; Schema: public; Owner: gokepelemo
--

CREATE INDEX auth_permission_content_type_id_2f476e4b ON public.auth_permission USING btree (content_type_id);


--
-- Name: auth_user_groups_group_id_97559544; Type: INDEX; Schema: public; Owner: gokepelemo
--

CREATE INDEX auth_user_groups_group_id_97559544 ON public.auth_user_groups USING btree (group_id);


--
-- Name: auth_user_groups_user_id_6a12ed8b; Type: INDEX; Schema: public; Owner: gokepelemo
--

CREATE INDEX auth_user_groups_user_id_6a12ed8b ON public.auth_user_groups USING btree (user_id);


--
-- Name: auth_user_user_permissions_permission_id_1fbb5f2c; Type: INDEX; Schema: public; Owner: gokepelemo
--

CREATE INDEX auth_user_user_permissions_permission_id_1fbb5f2c ON public.auth_user_user_permissions USING btree (permission_id);


--
-- Name: auth_user_user_permissions_user_id_a95ead1b; Type: INDEX; Schema: public; Owner: gokepelemo
--

CREATE INDEX auth_user_user_permissions_user_id_a95ead1b ON public.auth_user_user_permissions USING btree (user_id);


--
-- Name: auth_user_username_6821ab7c_like; Type: INDEX; Schema: public; Owner: gokepelemo
--

CREATE INDEX auth_user_username_6821ab7c_like ON public.auth_user USING btree (username varchar_pattern_ops);


--
-- Name: django_admin_log_content_type_id_c4bce8eb; Type: INDEX; Schema: public; Owner: gokepelemo
--

CREATE INDEX django_admin_log_content_type_id_c4bce8eb ON public.django_admin_log USING btree (content_type_id);


--
-- Name: django_admin_log_user_id_c564eba6; Type: INDEX; Schema: public; Owner: gokepelemo
--

CREATE INDEX django_admin_log_user_id_c564eba6 ON public.django_admin_log USING btree (user_id);


--
-- Name: django_session_expire_date_a5c62663; Type: INDEX; Schema: public; Owner: gokepelemo
--

CREATE INDEX django_session_expire_date_a5c62663 ON public.django_session USING btree (expire_date);


--
-- Name: django_session_session_key_c0390e0f_like; Type: INDEX; Schema: public; Owner: gokepelemo
--

CREATE INDEX django_session_session_key_c0390e0f_like ON public.django_session USING btree (session_key varchar_pattern_ops);


--
-- Name: main_app_profile_fav_movies_movie_id_cecde6d2; Type: INDEX; Schema: public; Owner: gokepelemo
--

CREATE INDEX main_app_profile_fav_movies_movie_id_cecde6d2 ON public.main_app_profile_fav_movies USING btree (movie_id);


--
-- Name: main_app_profile_fav_movies_profile_id_683f6309; Type: INDEX; Schema: public; Owner: gokepelemo
--

CREATE INDEX main_app_profile_fav_movies_profile_id_683f6309 ON public.main_app_profile_fav_movies USING btree (profile_id);


--
-- Name: main_app_shot_take_id_8aa8c457; Type: INDEX; Schema: public; Owner: gokepelemo
--

CREATE INDEX main_app_shot_take_id_8aa8c457 ON public.main_app_shot USING btree (take_id);


--
-- Name: main_app_take_movie_id_4d38d945; Type: INDEX; Schema: public; Owner: gokepelemo
--

CREATE INDEX main_app_take_movie_id_4d38d945 ON public.main_app_take USING btree (movie_id);


--
-- Name: main_app_take_user_id_d98d4e27; Type: INDEX; Schema: public; Owner: gokepelemo
--

CREATE INDEX main_app_take_user_id_d98d4e27 ON public.main_app_take USING btree (user_id);


--
-- Name: auth_group_permissions auth_group_permissio_permission_id_84c5c92e_fk_auth_perm; Type: FK CONSTRAINT; Schema: public; Owner: gokepelemo
--

ALTER TABLE ONLY public.auth_group_permissions
    ADD CONSTRAINT auth_group_permissio_permission_id_84c5c92e_fk_auth_perm FOREIGN KEY (permission_id) REFERENCES public.auth_permission(id) DEFERRABLE INITIALLY DEFERRED;


--
-- Name: auth_group_permissions auth_group_permissions_group_id_b120cbf9_fk_auth_group_id; Type: FK CONSTRAINT; Schema: public; Owner: gokepelemo
--

ALTER TABLE ONLY public.auth_group_permissions
    ADD CONSTRAINT auth_group_permissions_group_id_b120cbf9_fk_auth_group_id FOREIGN KEY (group_id) REFERENCES public.auth_group(id) DEFERRABLE INITIALLY DEFERRED;


--
-- Name: auth_permission auth_permission_content_type_id_2f476e4b_fk_django_co; Type: FK CONSTRAINT; Schema: public; Owner: gokepelemo
--

ALTER TABLE ONLY public.auth_permission
    ADD CONSTRAINT auth_permission_content_type_id_2f476e4b_fk_django_co FOREIGN KEY (content_type_id) REFERENCES public.django_content_type(id) DEFERRABLE INITIALLY DEFERRED;


--
-- Name: auth_user_groups auth_user_groups_group_id_97559544_fk_auth_group_id; Type: FK CONSTRAINT; Schema: public; Owner: gokepelemo
--

ALTER TABLE ONLY public.auth_user_groups
    ADD CONSTRAINT auth_user_groups_group_id_97559544_fk_auth_group_id FOREIGN KEY (group_id) REFERENCES public.auth_group(id) DEFERRABLE INITIALLY DEFERRED;


--
-- Name: auth_user_groups auth_user_groups_user_id_6a12ed8b_fk_auth_user_id; Type: FK CONSTRAINT; Schema: public; Owner: gokepelemo
--

ALTER TABLE ONLY public.auth_user_groups
    ADD CONSTRAINT auth_user_groups_user_id_6a12ed8b_fk_auth_user_id FOREIGN KEY (user_id) REFERENCES public.auth_user(id) DEFERRABLE INITIALLY DEFERRED;


--
-- Name: auth_user_user_permissions auth_user_user_permi_permission_id_1fbb5f2c_fk_auth_perm; Type: FK CONSTRAINT; Schema: public; Owner: gokepelemo
--

ALTER TABLE ONLY public.auth_user_user_permissions
    ADD CONSTRAINT auth_user_user_permi_permission_id_1fbb5f2c_fk_auth_perm FOREIGN KEY (permission_id) REFERENCES public.auth_permission(id) DEFERRABLE INITIALLY DEFERRED;


--
-- Name: auth_user_user_permissions auth_user_user_permissions_user_id_a95ead1b_fk_auth_user_id; Type: FK CONSTRAINT; Schema: public; Owner: gokepelemo
--

ALTER TABLE ONLY public.auth_user_user_permissions
    ADD CONSTRAINT auth_user_user_permissions_user_id_a95ead1b_fk_auth_user_id FOREIGN KEY (user_id) REFERENCES public.auth_user(id) DEFERRABLE INITIALLY DEFERRED;


--
-- Name: django_admin_log django_admin_log_content_type_id_c4bce8eb_fk_django_co; Type: FK CONSTRAINT; Schema: public; Owner: gokepelemo
--

ALTER TABLE ONLY public.django_admin_log
    ADD CONSTRAINT django_admin_log_content_type_id_c4bce8eb_fk_django_co FOREIGN KEY (content_type_id) REFERENCES public.django_content_type(id) DEFERRABLE INITIALLY DEFERRED;


--
-- Name: django_admin_log django_admin_log_user_id_c564eba6_fk_auth_user_id; Type: FK CONSTRAINT; Schema: public; Owner: gokepelemo
--

ALTER TABLE ONLY public.django_admin_log
    ADD CONSTRAINT django_admin_log_user_id_c564eba6_fk_auth_user_id FOREIGN KEY (user_id) REFERENCES public.auth_user(id) DEFERRABLE INITIALLY DEFERRED;


--
-- Name: main_app_profile_fav_movies main_app_profile_fav_movie_id_cecde6d2_fk_main_app_; Type: FK CONSTRAINT; Schema: public; Owner: gokepelemo
--

ALTER TABLE ONLY public.main_app_profile_fav_movies
    ADD CONSTRAINT main_app_profile_fav_movie_id_cecde6d2_fk_main_app_ FOREIGN KEY (movie_id) REFERENCES public.main_app_movie(id) DEFERRABLE INITIALLY DEFERRED;


--
-- Name: main_app_profile_fav_movies main_app_profile_fav_profile_id_683f6309_fk_main_app_; Type: FK CONSTRAINT; Schema: public; Owner: gokepelemo
--

ALTER TABLE ONLY public.main_app_profile_fav_movies
    ADD CONSTRAINT main_app_profile_fav_profile_id_683f6309_fk_main_app_ FOREIGN KEY (profile_id) REFERENCES public.main_app_profile(id) DEFERRABLE INITIALLY DEFERRED;


--
-- Name: main_app_profile main_app_profile_user_id_e13adcb4_fk_auth_user_id; Type: FK CONSTRAINT; Schema: public; Owner: gokepelemo
--

ALTER TABLE ONLY public.main_app_profile
    ADD CONSTRAINT main_app_profile_user_id_e13adcb4_fk_auth_user_id FOREIGN KEY (user_id) REFERENCES public.auth_user(id) DEFERRABLE INITIALLY DEFERRED;


--
-- Name: main_app_shot main_app_shot_take_id_8aa8c457_fk_main_app_take_id; Type: FK CONSTRAINT; Schema: public; Owner: gokepelemo
--

ALTER TABLE ONLY public.main_app_shot
    ADD CONSTRAINT main_app_shot_take_id_8aa8c457_fk_main_app_take_id FOREIGN KEY (take_id) REFERENCES public.main_app_take(id) DEFERRABLE INITIALLY DEFERRED;


--
-- Name: main_app_take main_app_take_movie_id_4d38d945_fk_main_app_movie_id; Type: FK CONSTRAINT; Schema: public; Owner: gokepelemo
--

ALTER TABLE ONLY public.main_app_take
    ADD CONSTRAINT main_app_take_movie_id_4d38d945_fk_main_app_movie_id FOREIGN KEY (movie_id) REFERENCES public.main_app_movie(id) DEFERRABLE INITIALLY DEFERRED;


--
-- Name: main_app_take main_app_take_user_id_d98d4e27_fk_auth_user_id; Type: FK CONSTRAINT; Schema: public; Owner: gokepelemo
--

ALTER TABLE ONLY public.main_app_take
    ADD CONSTRAINT main_app_take_user_id_d98d4e27_fk_auth_user_id FOREIGN KEY (user_id) REFERENCES public.auth_user(id) DEFERRABLE INITIALLY DEFERRED;


--
-- PostgreSQL database dump complete
--

